{"cameraMode":{"drawMode":0,"name":"Shaded","section":"Shading Mode"},"sceneLighting":true,"audioPlay":false,"sceneViewState":{"m_AlwaysRefresh":false,"showFog":true,"showSkybox":true,"showFlares":true,"showImageEffects":true,"showParticleSystems":true,"showVisualEffectGraphs":true,"m_FxEnabled":true},"in2DMode":false,"pivot":{"x":0.3543128967285156,"y":-1.1281843185424805,"z":2.895859718322754},"rotation":{"x":-0.09697943925857544,"y":0.11676577478647232,"z":-0.011457351967692376,"w":-0.9883477091789246},"size":3.64266300201416,"orthographic":true}